<?xml version="1.0" encoding="UTF-8"?>
<!DOCTYPE hibernate-mapping PUBLIC 
    "-//Hibernate/Hibernate Mapping DTD 3.0//EN"
    "http://www.hibernate.org/dtd/hibernate-mapping-3.0.dtd">
    <hibernate-mapping>
    <class name="com.hibernate_second.student" table="hibernate_student">
    <id name="id">
    <generator class="assigned"></generator>
    </id>
    <property name="name"></property>
    <property name="email"></property>
    <property name="city"></property>
    <property name="phone"></property>
      
    </class>
    </hibernate-mapping>